,enlace
0,/venezuela-y-colombia-disenan-plan-para-abordar-violencia-en-la-region-del-catatumbo
1,/el-62-de-los-israelies-cree-que-netanyahu-debe-renunciar
2,/manuel-cabre-ferviente-enamorado-del-waraira-repano-natalicio-311454
3,/carlos-escarra-militante-de-la-verdad-y-la-defensa-de-los-pueblos-siembra-311453
4,/cardenales-derroto-a-bravos-y-se-pone-a-un-triunfo-del-titulo-de-la-lvbp-2024-25
5,/rusia-expresa-solidaridad-por-la-situacion-de-colombia
6,/gobierno-de-cuba-desmiente-presencia-de-integrantes-del-eln-en-su-territorio
7,/futbolista-deyna-castellanos-se-queda-en-el-futbol-de-eeuu
8,/gobierno-bolivariano-revisa-aspectos-ambientales-de-las-zonas-economicas-especiales
9,/sistema-publico-nacional-de-salud-desarrolla-jornada-medica-integral-comunitaria-en-carabobo
10,/bolivia-anuncia-elecciones-generales-para-el-17-de-agosto
11,/gobierno-de-colombia-decreta-estado-conmocion-interior-en-catatumbo
12,/canciller-gil-a-diplomaticos-chilenos-desde-agosto-del-2024-venezuela-rompio-toda-relacion-con-chile
13,/ministerio-de-salud-realiza-implante-coclear-a-dos-ninos-en-carabobo
14,/cancilleria-de-rusia-apoya-aspiraciones-de-azerbaiyan-de-ingresar-a-los-brics
15,/estudiantes-desarrollan-suplemento-nutricional-para-ninos-deportistas-en-zulia
16,/participa-diosdado-cabello-y-tania-diaz-abren-encuesta-para-escoger-nombre-de-su-programa-radial
17,/convocan-a-conformar-brigada-nacional-de-comunicacion-comunal
18,/presidente-gustavo-petro-el-eln-busca-control-del-catatumbo-para-enriquecerse-con-la-cocaina
19,/los-enganos-de-maria-corina-machado-1
